Variable,Sent by Andy,Sent by 小狐狸🦊
Total Messages,15475,13153
Msg/Day,68.47345132743362,57.68859649122807
Words/Msg,3.612536348949919,4.185661065916521
Photos/Videos,175,171
Avg. Reply Time NA NA
