Variable,Sent by Andy,Sent by 小狐狸🦊
Total Messages,15483,13162
Msg/Day,68.50884955752213,57.47598253275109
Words/Msg,3.613769941225861,4.185686065947424
Photos/Videos,175,171
Avg. Reply Time,21.2,1.0
